City_ID,City,Country,Lat,Lng,Max Temp,Humidity,Cloudiness,Wind Speed,Current Description
0,Port Alfred,ZA,-33.5906,26.891,59.18,78,14,1.99,few clouds
1,Bengkulu,ID,-3.8004,102.2655,75.52,83,57,3.49,broken clouds
2,Ovre Ardal,NO,61.3167,7.8,54.14,85,64,6.35,broken clouds
3,Tuktoyaktuk,CA,69.4541,-133.0374,58.33,62,4,6.98,clear sky
4,Tabatinga,BR,-4.2525,-69.9381,78.8,78,75,2.3,broken clouds
5,Ushuaia,AR,-54.8,-68.3,38.86,65,75,14.97,broken clouds
6,Albany,US,42.6001,-73.9662,79.18,63,61,8.16,broken clouds
7,Fayetteville,US,35.0527,-78.8784,88.21,67,0,10.36,clear sky
8,Bluff,NZ,-46.6,168.3333,50.81,76,31,26.06,scattered clouds
9,Lazaro Cardenas,MX,17.9583,-102.2,84.27,72,93,7.78,overcast clouds
10,Yellowknife,CA,62.456,-114.3525,70.32,43,75,9.22,broken clouds
11,Cayenne,GF,4.9333,-52.3333,82.09,1,20,0.0,few clouds
12,Rikitea,PF,-23.1203,-134.9692,73.87,75,6,21.39,clear sky
13,Fortuna,US,40.5982,-124.1573,59.94,89,100,1.99,overcast clouds
14,Hobart,AU,-42.8794,147.3294,46.26,85,0,9.22,clear sky
15,Cherskiy,RU,68.75,161.3,40.89,93,100,12.59,light rain
16,Cabo San Lucas,MX,22.8909,-109.9124,94.6,62,0,11.77,clear sky
17,Hermanus,ZA,-34.4187,19.2345,57.79,73,8,15.5,clear sky
18,Necochea,AR,-38.5473,-58.7368,41.97,68,3,7.02,clear sky
19,Dawei,MM,14.0833,98.2,76.68,93,100,1.63,light rain
20,Castro,BR,-24.7911,-50.0119,56.12,81,0,4.27,clear sky
21,Ulladulla,AU,-35.35,150.4667,56.3,73,100,20.02,light rain
22,Bredasdorp,ZA,-34.5322,20.0403,52.23,75,2,9.26,clear sky
23,Moree,AU,-29.4667,149.85,42.82,93,100,1.14,overcast clouds
24,Atuona,PF,-9.8,-139.0333,77.34,81,6,14.72,clear sky
25,Progreso,MX,21.2833,-89.6667,82.26,80,11,17.58,few clouds
26,Grindavik,IS,63.8424,-22.4338,49.95,87,75,14.97,broken clouds
27,Waslala,NI,13.2333,-85.3833,71.8,98,100,5.14,light rain
28,Acapulco,MX,16.8634,-99.8901,85.82,74,40,11.5,scattered clouds
29,Ponta Do Sol,PT,32.6667,-17.1,70.43,79,48,2.48,scattered clouds
30,Bundi,IN,25.4417,75.6417,81.97,74,49,7.43,light rain
31,Codrington,AU,-38.2667,141.9667,51.33,67,100,9.62,overcast clouds
32,Jamestown,US,42.097,-79.2353,74.84,46,0,9.22,clear sky
33,Busselton,AU,-33.65,115.3333,48.88,74,0,7.27,clear sky
34,Karratha,AU,-20.7377,116.8463,59.92,34,1,20.89,clear sky
35,Nampula,MZ,-15.1165,39.2666,59.83,99,32,4.47,scattered clouds
36,Cape Town,ZA,-33.9258,18.4232,59.38,84,75,11.01,broken clouds
37,Esperance,AU,-33.8667,121.9,50.11,73,0,9.57,clear sky
38,Liusha,CN,27.2098,108.59,70.59,95,99,3.31,overcast clouds
39,Saldanha,ZA,-33.0117,17.9442,55.45,81,24,9.55,light rain
40,Sao Joao Da Barra,BR,-21.6403,-41.0511,71.74,78,0,19.15,clear sky
41,Hilo,US,19.7297,-155.09,80.26,65,100,14.97,overcast clouds
42,Punta Arenas,CL,-53.15,-70.9167,33.91,80,75,3.44,broken clouds
43,Airai,TL,-8.9266,125.4092,61.41,92,97,3.96,overcast clouds
44,Santa Isabel Do Rio Negro,BR,-0.4139,-65.0192,73.38,98,71,3.36,broken clouds
45,Saskylakh,RU,71.9167,114.0833,63.54,47,48,10.65,scattered clouds
46,Avarua,CK,-21.2078,-159.775,80.65,61,20,11.5,few clouds
47,Puerto Ayora,EC,-0.7393,-90.3518,71.55,87,58,5.01,broken clouds
48,Dalby,AU,-27.1833,151.2667,48.97,84,0,1.01,clear sky
49,Tiksi,RU,71.6872,128.8694,41.58,98,100,4.7,light rain
50,Kapaa,US,22.0752,-159.319,84.52,70,20,16.11,few clouds
51,Strezhevoy,RU,60.7333,77.5889,52.47,81,98,7.02,overcast clouds
52,Kuah,MY,6.3265,99.8432,80.58,89,20,3.44,few clouds
53,Coihaique,CL,-45.5752,-72.0662,36.21,75,40,3.44,scattered clouds
54,Pisco,PE,-13.7,-76.2167,64.45,72,40,8.05,scattered clouds
55,Port Lincoln,AU,-34.7333,135.8667,53.24,64,99,9.28,overcast clouds
56,Abha,SA,18.2164,42.5053,73.65,35,0,5.75,clear sky
57,Syasstroy,RU,60.1367,32.5691,63.79,69,100,3.85,overcast clouds
58,Babstovo,RU,48.1167,132.4833,76.51,73,93,3.94,overcast clouds
59,Pevek,RU,69.7008,170.3133,32.02,98,100,6.64,snow
60,Olinda,BR,-8.0089,-34.8553,78.53,78,75,16.11,broken clouds
61,Varhaug,NO,58.6147,5.6457,57.88,87,81,15.75,broken clouds
62,Rasht,IR,37.2808,49.5832,75.02,64,75,0.0,broken clouds
63,Faya,SA,18.3851,42.4509,73.92,37,84,4.76,broken clouds
64,Dikson,RU,73.5069,80.5464,32.68,96,98,13.47,overcast clouds
65,Faanui,PF,-16.4833,-151.75,79.43,64,10,15.84,clear sky
66,Arraial Do Cabo,BR,-22.9661,-42.0278,71.13,81,0,22.08,clear sky
67,Homer,US,59.6425,-151.5483,62.76,66,0,5.75,clear sky
68,Khatanga,RU,71.9667,102.5,49.1,79,97,13.11,overcast clouds
69,Caucaia,BR,-3.7361,-38.6531,81.03,79,20,11.5,few clouds
70,Jijiga,ET,9.35,42.8,64.02,64,77,19.91,broken clouds
71,Butaritari,KI,3.0707,172.7902,82.8,78,96,19.3,light rain
72,Ahipara,NZ,-35.1667,173.1667,58.57,55,20,2.48,few clouds
73,Port Shepstone,ZA,-30.7414,30.455,63.59,42,0,8.41,clear sky
74,Krasnoselkup,RU,65.7,82.4667,53.19,65,100,12.73,overcast clouds
75,Hasaki,JP,35.7333,140.8333,86.29,79,64,8.97,broken clouds
76,Narsaq,GL,60.9167,-46.05,53.82,61,85,1.86,overcast clouds
77,Chuy,UY,-33.6971,-53.4616,46.49,85,11,5.57,few clouds
78,Aklavik,CA,68.2191,-135.0107,84.2,34,20,4.61,few clouds
79,Ahuimanu,US,21.4447,-157.8378,87.51,61,40,17.27,scattered clouds
80,Atambua,ID,-9.1061,124.8925,74.71,85,73,6.89,broken clouds
81,San Patricio,US,28.017,-97.5169,91.54,63,30,20.94,scattered clouds
82,Sao Filipe,CV,14.8961,-24.4956,73.96,77,32,13.18,scattered clouds
83,Tasiilaq,GL,65.6145,-37.6368,36.84,86,43,7.54,scattered clouds
84,Shingu,JP,33.7333,135.9833,76.37,93,100,2.75,heavy intensity rain
85,Kaitangata,NZ,-46.2817,169.8464,51.55,66,19,9.17,few clouds
86,Flinders,AU,-34.5833,150.8552,60.06,89,100,7.0,light rain
87,Mandali,IQ,33.7499,45.5541,86.59,23,0,5.93,clear sky
88,Vanatori,RO,45.7333,27.25,68.34,66,70,5.75,broken clouds
89,Sibolga,ID,1.7427,98.7792,74.97,87,98,3.91,overcast clouds
90,Mataura,NZ,-46.1927,168.8643,50.49,83,52,5.77,broken clouds
91,Briancon,FR,44.9,6.65,64.51,52,2,2.35,clear sky
92,Tilichiki,RU,60.4667,166.1,54.0,61,98,3.22,light rain
93,Coahuayana,MX,18.7333,-103.6833,83.97,75,75,5.17,broken clouds
94,Lagoa,PT,39.05,-27.9833,65.17,86,86,11.52,overcast clouds
95,Carauari,BR,-4.8828,-66.8958,79.93,69,96,2.86,overcast clouds
96,Torbay,CA,47.6666,-52.7314,63.28,74,80,12.64,broken clouds
97,Upernavik,GL,72.7868,-56.1549,40.01,84,60,3.78,broken clouds
98,Rocha,UY,-34.4833,-54.3333,41.07,94,0,5.41,clear sky
99,Katsuura,JP,35.1333,140.3,78.1,89,86,10.76,light rain
100,Rio Grande,BR,-32.035,-52.0986,55.51,85,89,9.46,overcast clouds
101,Poquoson,US,37.1224,-76.3458,86.02,67,0,17.27,clear sky
102,Darhan,MN,49.4867,105.9228,67.71,82,100,4.83,overcast clouds
103,Tual,ID,-5.6667,132.75,80.62,85,100,22.21,moderate rain
104,Biak,ID,-0.9131,122.8766,80.47,74,74,4.21,broken clouds
105,Provideniya,RU,64.3833,-173.3,51.82,68,96,6.4,overcast clouds
106,Zhuhai,CN,22.2769,113.5678,83.98,89,40,24.16,scattered clouds
107,Prince Rupert,CA,54.3161,-130.3201,67.69,81,0,13.8,clear sky
108,Nikolskoye,RU,59.7035,30.7861,69.69,69,100,3.98,overcast clouds
109,Andros Town,BS,24.7,-77.7667,84.16,70,86,13.98,overcast clouds
110,Kisarawe,TZ,-6.9,39.0667,63.27,96,12,5.06,few clouds
111,Marrakesh,MA,31.6315,-8.0083,71.67,64,0,6.91,clear sky
112,Qaqortoq,GL,60.7167,-46.0333,47.88,68,74,1.77,broken clouds
113,Saint-Joseph,RE,-21.3667,55.6167,66.58,75,51,13.62,broken clouds
114,Paka,MY,4.6374,103.4368,78.73,83,40,2.3,scattered clouds
115,Vaini,TO,-21.2,-175.2,75.36,78,75,8.05,broken clouds
116,Port Augusta,AU,-32.5,137.7667,49.33,62,0,11.45,clear sky
117,Codo,BR,-4.4553,-43.8856,74.97,91,71,1.07,broken clouds
118,San Jose,US,37.3394,-121.895,75.92,54,20,16.11,smoke
119,Mercedes,AR,-34.6515,-59.4307,46.04,49,13,3.96,few clouds
120,Kaeo,NZ,-35.1,173.7833,61.32,82,24,2.66,few clouds
121,Kamenka,RU,51.3223,42.7678,52.59,90,10,10.38,clear sky
122,Chokurdakh,RU,70.6333,147.9167,63.84,36,21,7.9,few clouds
123,Saint-Philippe,RE,-21.3585,55.7679,67.59,78,83,11.56,broken clouds
124,Mayo,US,38.8876,-76.5119,87.75,74,0,5.75,clear sky
125,Atar,MR,20.5169,-13.0499,93.88,17,45,7.74,scattered clouds
126,Grevesmuhlen,DE,53.8667,11.1833,61.29,85,32,10.58,scattered clouds
127,Sampang,ID,-7.1872,113.2394,79.88,86,48,8.01,scattered clouds
128,Kedrovyy,RU,56.1667,91.8167,57.87,77,34,8.12,scattered clouds
129,Jejuri,IN,18.2833,74.1667,72.28,86,97,6.78,overcast clouds
130,Aykhal,RU,66.0,111.5,71.01,53,99,5.84,overcast clouds
131,Barra Do Garcas,BR,-15.89,-52.2567,73.31,38,14,2.06,few clouds
132,San Martin,AR,-33.081,-68.4681,48.74,34,0,7.11,clear sky
133,Northam,GB,51.0333,-4.2167,56.25,95,24,6.53,few clouds
134,Souillac,MU,-20.5167,57.5167,70.18,64,40,14.97,light rain
135,Port Hardy,CA,50.6996,-127.4199,64.58,72,40,11.5,scattered clouds
136,Zaykovo,RU,57.5613,62.7568,58.82,76,100,4.88,overcast clouds
137,Kodiak,US,57.79,-152.4072,54.91,88,100,13.8,mist
138,Kargopol,RU,61.5071,38.9456,54.36,96,10,2.53,clear sky
139,Mehamn,NO,71.0357,27.8492,73.35,60,4,14.97,clear sky
140,Fairbanks,US,64.8378,-147.7164,81.09,48,75,6.91,smoke
141,Yulara,AU,-25.2406,130.9889,45.25,60,0,16.73,clear sky
142,Qianan,CN,44.9932,124.0581,79.29,68,7,13.58,clear sky
143,East London,ZA,-33.0153,27.9116,70.9,41,0,9.26,clear sky
144,Mountrath,IE,52.9989,-7.4728,54.45,88,77,6.8,broken clouds
145,Katakwi,UG,1.8911,33.9661,64.18,87,45,3.89,scattered clouds
146,Carnarvon,AU,-24.8667,113.6333,58.82,43,0,17.29,clear sky
147,Jalu,LY,29.0331,21.5482,83.44,41,29,7.2,scattered clouds
148,Kondinskoye,RU,59.6481,67.41,57.24,80,100,2.17,overcast clouds
149,New Norfolk,AU,-42.7826,147.0587,45.9,85,43,2.98,scattered clouds
150,Tommot,RU,58.9564,126.2925,80.11,62,42,2.17,scattered clouds
151,Chernyshevsk,RU,52.5243,117.0174,77.86,53,97,1.83,overcast clouds
152,Georgetown,MY,5.4112,100.3354,83.89,87,20,2.3,few clouds
153,Sungaipenuh,ID,-2.0833,101.3833,62.89,92,82,2.3,broken clouds
154,Launceston,AU,-41.45,147.1667,31.64,100,100,4.61,overcast clouds
155,Kosmach,UA,48.7509,24.3673,60.98,96,86,2.82,overcast clouds
156,Lompoc,US,34.6391,-120.4579,82.56,76,0,21.99,clear sky
157,Kieta,PG,-6.2167,155.6333,85.03,70,23,8.08,light rain
158,Lugovoy,KZ,42.9472,72.7644,68.25,36,0,5.55,clear sky
159,Pringsewu,ID,-5.3582,104.9744,73.35,95,57,1.99,broken clouds
160,Cidreira,BR,-30.1811,-50.2056,61.92,93,75,10.02,broken clouds
161,Moose Factory,CA,51.2585,-80.6094,59.0,58,100,5.75,overcast clouds
162,Eten,PE,-6.9081,-79.8642,66.45,68,0,13.8,clear sky
163,Cockburn Town,TC,21.4612,-71.1419,82.36,69,40,16.11,scattered clouds
164,Road Town,VG,18.4167,-64.6167,82.44,78,75,13.8,broken clouds
165,Vertou,FR,47.1687,-1.4693,57.18,94,0,6.91,clear sky
166,Makakilo City,US,21.3469,-158.0858,86.32,48,0,16.11,clear sky
167,Komsomolskiy,UZ,40.4272,71.7189,74.12,31,0,9.22,clear sky
168,Sorland,NO,67.667,12.6934,53.46,93,83,19.24,broken clouds
169,Yilan,TW,24.757,121.753,84.06,77,100,1.68,overcast clouds
170,Kologriv,RU,58.8275,44.3178,52.77,98,40,5.32,scattered clouds
171,Ushtobe,KZ,45.2514,77.9838,68.05,29,57,4.61,broken clouds
172,Barrow,US,71.2906,-156.7887,50.02,76,0,12.66,clear sky
173,Rakaia,NZ,-43.75,172.0167,55.29,60,30,4.18,scattered clouds
174,Gurupa,BR,-1.405,-51.64,75.9,85,58,3.33,broken clouds
175,Aksu,CN,41.1231,80.2644,77.65,30,11,6.4,few clouds
176,Kuala Lipis,MY,4.1842,102.0468,76.15,87,99,0.13,overcast clouds
177,Sinnamary,GF,5.3833,-52.95,77.86,89,82,9.55,broken clouds
178,Poya,NC,-21.35,165.15,79.9,67,95,5.35,overcast clouds
179,General Roca,AR,-39.0333,-67.5833,49.62,25,90,13.06,overcast clouds
180,Jinchang,CN,38.4953,102.1739,75.0,29,52,13.33,broken clouds
181,Qaanaaq,GL,77.484,-69.3632,37.78,98,100,5.5,light rain
182,Talnakh,RU,69.4865,88.3972,52.21,65,70,15.23,broken clouds
183,Kudahuvadhoo,MV,2.6708,72.8944,82.08,76,100,9.66,overcast clouds
184,Sitka,US,57.0531,-135.33,63.75,76,84,5.35,broken clouds
185,Mar Del Plata,AR,-38.0023,-57.5575,43.95,73,0,3.44,clear sky
186,Bam,IR,29.106,58.357,93.13,14,55,4.74,broken clouds
187,Sur,OM,22.5667,59.5289,88.39,64,100,8.77,overcast clouds
188,Iqaluit,CA,63.7506,-68.5145,44.33,81,75,0.0,light rain
189,Kahului,US,20.8947,-156.47,87.82,58,40,28.77,scattered clouds
190,Holme,DK,56.1138,10.1725,60.37,76,97,6.13,overcast clouds
191,Madinat Sittah Uktubar,EG,29.8167,31.05,80.2,56,0,7.61,clear sky
192,Rabo De Peixe,PT,37.8,-25.5833,68.27,86,75,6.91,broken clouds
193,Udachnyy,RU,66.4167,112.4,64.45,82,100,4.7,overcast clouds
194,Gasa,PS,31.5,34.4667,75.69,77,0,1.81,clear sky
195,Traralgon,AU,-38.1833,146.5333,47.8,75,15,2.8,few clouds
196,Iroquois Falls,CA,48.7669,-80.6831,55.22,67,38,12.21,scattered clouds
197,Padang,ID,-0.9492,100.3543,69.85,80,71,4.27,broken clouds
198,Port Moresby,PG,-9.4431,147.1797,81.82,74,20,3.44,haze
199,Riyadh,SA,24.6877,46.7219,89.74,15,48,8.25,scattered clouds
200,Saint George,US,37.1041,-113.5841,104.63,11,0,18.41,clear sky
201,Laiyang,CN,36.9758,120.7136,79.07,79,95,11.34,overcast clouds
202,Chicama,PE,-7.8447,-79.1469,61.34,79,26,5.17,scattered clouds
203,Severo-Kurilsk,RU,50.6789,156.125,52.32,88,60,12.33,broken clouds
204,Henties Bay,NA,-22.116,14.2845,58.1,90,0,6.91,clear sky
205,Aracaju,BR,-10.9111,-37.0717,78.75,73,75,13.8,broken clouds
206,Miami Beach,US,25.7906,-80.1301,86.02,73,40,12.66,scattered clouds
207,Hamilton,US,39.1834,-84.5333,85.44,61,0,5.75,clear sky
208,Lukovetskiy,RU,64.2956,41.9211,49.64,89,7,3.02,clear sky
209,Yate,GB,51.5407,-2.4184,54.99,87,16,4.79,few clouds
210,Maun,BW,-19.9833,23.4167,60.76,63,0,3.44,clear sky
211,Adrar,MR,20.5022,-10.0711,93.88,19,6,7.92,clear sky
212,Nadym,RU,65.5333,72.5167,42.58,82,98,18.84,overcast clouds
213,Hualmay,PE,-11.0964,-77.6139,62.42,82,34,7.99,scattered clouds
214,Nouadhibou,MR,20.931,-17.0347,67.98,83,0,16.11,clear sky
215,Uglich,RU,57.5275,38.3317,59.0,96,75,5.79,broken clouds
216,Honiara,SB,-9.4333,159.95,87.3,59,12,8.72,few clouds
217,Ribeira Grande,PT,38.5167,-28.7,66.88,85,1,13.53,clear sky
218,Rassvet,RU,46.8333,40.75,58.57,76,1,0.67,clear sky
219,Batagay-Alyta,RU,67.8006,130.4114,70.54,40,87,5.86,overcast clouds
220,Mount Gambier,AU,-37.8333,140.7667,50.29,68,100,6.31,overcast clouds
221,Messina,IT,38.1933,15.5497,82.6,77,20,14.97,few clouds
222,Klaksvik,FO,62.2266,-6.589,47.32,91,100,23.06,light rain
223,Tabuk,PH,17.4189,121.4443,79.38,83,100,3.22,overcast clouds
224,Lavrentiya,RU,65.5833,-171.0,48.36,84,100,6.08,overcast clouds
225,Nome,US,64.5011,-165.4064,58.15,94,100,4.61,mist
226,Tancheng,CN,27.4375,115.4976,78.69,90,100,1.28,overcast clouds
227,San Cristobal,VE,7.7669,-72.225,77.18,98,96,3.67,overcast clouds
228,Sinnai,IT,39.3042,9.2036,76.48,75,0,4.61,clear sky
229,Port Elizabeth,ZA,-33.918,25.5701,62.31,87,0,11.5,clear sky
230,Mbanza-Ngungu,CD,-5.25,14.8667,66.27,78,100,8.81,overcast clouds
231,Ullapool,GB,57.8987,-5.1604,53.35,94,99,6.46,overcast clouds
232,Mahebourg,MU,-20.4081,57.7,70.09,64,40,14.97,scattered clouds
233,Lyuban,BY,52.7985,28.0048,63.81,75,76,6.35,broken clouds
234,Shintomi,JP,32.0785,131.4723,79.92,93,100,4.14,moderate rain
235,Fredericksburg,US,38.3032,-77.4605,88.61,58,40,5.75,scattered clouds
236,Miranda,CO,3.2499,-76.2281,77.13,90,100,5.59,overcast clouds
237,Chipinge,ZW,-20.1883,32.6236,50.95,95,13,3.24,few clouds
238,Hofn,IS,64.2539,-15.2082,53.94,70,100,13.31,overcast clouds
239,Bambey,SN,14.6955,-16.4493,80.65,62,64,6.91,broken clouds
240,Mount Pleasant,US,32.7941,-79.8626,86.18,82,0,12.66,clear sky
241,Taoudenni,ML,22.6783,-3.9836,97.81,12,29,12.93,scattered clouds
242,Thompson,CA,55.7435,-97.8558,64.56,55,75,2.3,broken clouds
243,Yar-Sale,RU,66.8333,70.8333,45.14,76,100,15.32,overcast clouds
244,Breves,BR,-1.6822,-50.4803,77.04,85,62,3.22,broken clouds
245,Bairiki,KI,1.3292,172.9752,80.6,89,40,14.97,light rain
246,Yantai,CN,37.5333,121.4,76.3,82,100,10.76,overcast clouds
247,Margate,GB,51.3813,1.3862,59.31,83,13,1.99,few clouds
248,Kavaratti,IN,10.5669,72.642,82.18,82,100,20.54,overcast clouds
249,Leh,IN,34.1667,77.5833,64.76,27,13,5.35,few clouds
250,Nabire,ID,-3.3667,135.4833,76.19,92,100,3.13,overcast clouds
251,Kyren,RU,51.6828,102.1408,57.22,91,100,3.87,overcast clouds
252,Longyearbyen,SJ,78.2186,15.6401,44.44,93,75,10.36,broken clouds
253,Tovste,UA,48.8466,25.7262,61.88,97,81,7.14,broken clouds
254,Mankono,CI,8.0586,-6.1897,69.17,97,99,1.77,overcast clouds
255,Vanimo,PG,-2.6741,141.3028,82.8,72,91,5.93,overcast clouds
256,Manavalakurichi,IN,8.1333,77.3,78.8,82,92,18.63,overcast clouds
257,Bandarbeyla,SO,9.4942,50.8122,78.39,72,94,31.92,overcast clouds
258,Alta Floresta,BR,-9.8756,-56.0861,80.74,39,48,3.91,scattered clouds
259,Point Pedro,LK,9.8167,80.2333,82.0,78,98,6.4,heavy intensity rain
260,Ratnagiri,IN,16.9833,73.3,80.19,85,100,13.82,overcast clouds
261,Manakara,MG,-22.1333,48.0167,67.24,65,92,3.56,overcast clouds
262,Srednekolymsk,RU,67.45,153.6833,60.67,42,34,13.06,scattered clouds
263,Pedasi,PA,7.5333,-80.0333,77.07,84,86,11.32,overcast clouds
264,Leningradskiy,RU,69.3833,178.4167,38.88,87,96,6.55,overcast clouds
265,The Valley,AI,18.217,-63.0578,81.1,83,40,19.57,scattered clouds
266,Meulaboh,ID,4.1363,96.1285,74.53,86,99,3.96,overcast clouds
267,Canavieiras,BR,-15.675,-38.9472,71.42,88,22,7.52,few clouds
268,Tyret Pervaya,RU,53.6703,102.3106,58.35,77,87,7.72,overcast clouds
269,Roma,US,43.2128,-75.4557,72.09,72,55,2.84,broken clouds
270,Norman Wells,CA,65.282,-126.8329,80.64,39,0,14.97,clear sky
271,Mejorada Del Campo,ES,40.3928,-3.4819,84.25,47,0,10.36,clear sky
272,Oussouye,SN,12.485,-16.5469,80.78,75,99,6.62,overcast clouds
273,Miracema Do Tocantins,BR,-9.5618,-48.3967,82.47,46,88,3.51,overcast clouds
274,Hithadhoo,MV,-0.6,73.0833,83.64,73,100,17.36,overcast clouds
275,Praia,CV,14.9215,-23.5087,73.94,73,75,16.11,broken clouds
276,Bethel,US,41.3712,-73.414,80.85,83,85,3.31,overcast clouds
277,Caborca,MX,30.5838,-111.101,92.46,31,68,7.67,broken clouds
278,Clyde River,CA,70.4692,-68.5914,32.23,100,100,10.36,light snow
279,Santander,ES,43.4647,-3.8044,65.52,90,75,3.44,broken clouds
280,Hovd,MN,48.0056,91.6419,62.29,28,62,3.0,broken clouds
281,Caravelas,BR,-17.7125,-39.2481,70.5,86,15,5.44,few clouds
282,Fort Nelson,CA,58.8053,-122.7002,76.59,25,20,2.3,few clouds
283,Felipe Carrillo Puerto,MX,19.5833,-88.05,83.75,65,71,6.78,broken clouds
284,Dalmatovo,RU,56.26,62.9362,55.33,85,96,6.24,overcast clouds
285,Tongren,CN,27.7172,109.1853,76.84,94,100,4.41,overcast clouds
286,Leninskoye,KZ,41.7589,69.3864,74.12,24,0,6.82,clear sky
287,Bambous Virieux,MU,-20.3428,57.7575,70.05,64,40,14.97,light rain
288,Reftinskiy,RU,57.0901,61.6769,58.42,76,100,4.88,overcast clouds
289,Egvekinot,RU,66.3167,-179.1667,41.38,90,99,6.62,overcast clouds
290,Alappuzha,IN,9.49,76.3264,77.0,83,98,14.76,overcast clouds
291,Cavalcante,BR,-13.7975,-47.4583,68.95,46,45,5.26,scattered clouds
292,Killam,CA,52.7834,-111.8518,55.35,100,100,5.75,overcast clouds
293,Alofi,NU,-19.0595,-169.9187,78.69,83,16,11.5,few clouds
294,Vao,NC,-22.6667,167.4833,73.06,79,93,16.13,overcast clouds
295,Tamiahua,MX,21.2667,-97.45,84.6,77,12,14.27,few clouds
296,Sept-Iles,CA,50.2001,-66.3821,59.52,95,100,3.44,fog
297,Muros,ES,42.7762,-9.0603,65.08,80,11,13.73,few clouds
298,Merauke,ID,-8.4667,140.3333,79.92,86,99,11.07,overcast clouds
299,Jiwani,PK,25.05,61.7417,83.98,82,95,9.33,overcast clouds
300,Tres Arroyos,AR,-38.3739,-60.2798,40.12,44,1,8.5,clear sky
301,Clarence Town,AU,-32.5833,151.7833,62.85,96,91,3.96,light rain
302,Imeni Poliny Osipenko,RU,52.4201,136.4853,76.06,76,99,1.39,overcast clouds
303,Saint-Pierre,RE,-21.3393,55.4781,67.68,77,40,19.57,scattered clouds
304,Bonfim,BR,3.0833,-59.95,77.36,83,77,4.21,broken clouds
305,Katobu,ID,-4.9408,122.5276,79.43,88,46,5.23,scattered clouds
306,Tezu,IN,27.9167,96.1667,78.82,81,54,2.51,broken clouds
307,Arman,RU,59.7,150.1667,70.02,43,46,16.35,scattered clouds
308,Taksimo,RU,56.3444,114.8794,75.22,68,21,3.62,few clouds
309,Nuuk,GL,64.1835,-51.7216,44.82,80,62,6.98,broken clouds
310,Saint Anthony,US,45.0205,-93.218,79.86,57,0,5.75,clear sky
311,Oak Lawn,US,41.7109,-87.7581,83.1,42,75,10.36,broken clouds
312,Marabba,SD,12.35,32.1833,84.49,51,94,10.51,overcast clouds
313,Bilibino,RU,68.0546,166.4372,48.72,81,99,4.05,overcast clouds
314,Horni Plana,CZ,48.7674,14.0326,55.96,74,0,2.39,clear sky
315,Coquimbo,CL,-29.9533,-71.3436,55.13,82,0,5.75,clear sky
316,Seminole,US,28.7086,-81.2081,81.27,91,95,5.91,overcast clouds
317,Yamada,JP,39.4667,141.95,83.86,57,24,2.55,few clouds
318,Santa Marinella,IT,42.0345,11.8536,73.31,62,69,6.29,broken clouds
319,Nishihara,JP,26.1842,127.7558,78.08,95,100,16.11,overcast clouds
320,Bintulu,MY,3.1667,113.0333,77.41,100,20,1.14,few clouds
321,Portland,US,45.5234,-122.6762,76.44,58,85,7.43,overcast clouds
322,Waqqas,JO,32.5427,35.6053,76.96,82,0,3.53,clear sky
323,Lebu,CL,-37.6167,-73.65,47.97,79,36,5.86,scattered clouds
324,Ambam,CM,2.3833,11.2833,68.36,99,73,2.71,broken clouds
325,Bull Savanna,JM,17.8868,-77.5902,78.24,83,95,7.63,overcast clouds
326,Singaraja,ID,-8.112,115.0882,80.91,80,64,1.36,broken clouds
327,Broken Hill,AU,-31.95,141.4333,42.75,72,0,17.96,clear sky
328,Filingue,NE,14.3521,3.3168,90.52,43,19,8.63,few clouds
329,Port Blair,IN,11.6667,92.75,82.87,80,100,18.45,overcast clouds
330,Santa Cruz Cabralia,BR,-16.2781,-39.0247,73.63,83,75,3.44,broken clouds
331,Salihorsk,BY,52.7876,27.5415,64.36,74,65,6.44,broken clouds
332,Pathein,MM,16.7833,94.7333,77.85,91,99,8.95,overcast clouds
333,Nea Apollonia,GR,40.6333,23.45,81.52,64,17,3.4,few clouds
334,Vestmannaeyjar,IS,63.4427,-20.2734,50.13,86,3,23.64,clear sky
335,Turkistan,KZ,43.0,68.0,75.94,19,1,6.58,clear sky
336,Nehe,CN,48.4833,124.8333,78.13,67,11,5.37,few clouds
337,Teknaf,BD,20.8624,92.3058,79.23,89,99,8.77,overcast clouds
338,Seymchan,RU,62.8833,152.4333,58.08,52,100,12.21,overcast clouds
339,Katima Mulilo,NA,-17.5,24.2667,59.04,61,78,3.91,broken clouds
340,Teya,RU,60.3778,92.6267,53.92,90,55,5.21,broken clouds
341,Tuatapere,NZ,-46.1333,167.6833,50.61,80,67,5.75,broken clouds
342,Susanville,US,40.4163,-120.653,80.91,16,0,16.11,clear sky
343,Guanica,PR,17.9716,-66.908,80.04,90,100,21.03,light rain
344,Veraval,IN,20.9,70.3667,82.29,83,100,17.83,overcast clouds
345,Boca Do Acre,BR,-8.7522,-67.3978,78.57,68,94,2.59,overcast clouds
346,Touros,BR,-5.1989,-35.4608,75.6,90,65,13.69,light rain
347,Bowen,AU,-20.0167,148.2333,66.45,88,100,7.18,overcast clouds
348,Umm Kaddadah,SD,13.6017,26.6876,86.49,41,80,10.58,broken clouds
349,Qitaihe,CN,45.8,130.85,74.79,81,100,6.02,overcast clouds
350,Isangel,VU,-19.55,169.2667,80.71,94,40,11.5,scattered clouds
351,Muli,MV,2.9167,73.5667,81.07,80,100,13.18,overcast clouds
352,Weinan,CN,34.5036,109.5089,78.98,55,0,2.68,clear sky
353,Laredo,US,27.5064,-99.5075,100.69,37,20,16.11,few clouds
354,Saiha,IN,22.4833,92.9667,71.82,98,100,1.88,overcast clouds
355,Camacha,PT,33.0833,-16.3333,65.62,83,75,5.75,broken clouds
356,San Quintin,MX,30.4833,-115.95,72.43,63,0,18.41,clear sky
357,Chany,RU,55.3121,76.7647,49.87,92,73,5.35,broken clouds
358,Sainte-Rose,GP,16.3324,-61.6979,77.04,94,0,3.44,clear sky
359,Kenora,CA,49.8167,-94.4337,68.97,34,40,8.05,scattered clouds
360,Maningrida,AU,-12.0667,134.2667,71.65,64,71,16.13,broken clouds
361,West Fargo,US,46.875,-96.9004,78.85,45,0,5.75,clear sky
362,Kalaleh,IR,37.3807,55.4916,71.17,75,0,6.11,clear sky
363,Barahona,DO,18.2085,-71.1008,85.82,74,40,20.71,scattered clouds
364,Anloga,GH,5.7947,0.8973,77.94,82,99,11.77,overcast clouds
365,Victoria,HK,22.2855,114.1577,84.33,84,100,23.0,moderate rain
366,Alyangula,AU,-13.8483,136.4192,69.93,81,93,20.22,overcast clouds
367,Kirkwall,GB,58.9848,-2.9587,53.65,94,98,10.36,light rain
368,Kuminskiy,RU,58.6667,66.5667,57.67,77,98,5.41,overcast clouds
369,Wajima,JP,37.4,136.9,81.28,78,0,3.44,clear sky
370,Dingle,PH,10.9995,122.6711,82.2,81,96,3.47,overcast clouds
371,Ugoofaaru,MV,5.6667,73.0,78.73,84,100,7.94,moderate rain
372,Kindersley,CA,51.4668,-109.1682,69.82,56,40,2.3,scattered clouds
373,Avera,US,33.194,-82.5271,90.55,54,88,6.67,overcast clouds
374,Calabozo,VE,8.9242,-67.4293,76.32,89,94,3.24,overcast clouds
375,Yeppoon,AU,-23.1333,150.7333,55.18,91,100,6.38,light rain
376,Ashland,US,40.8167,-82.2665,75.81,64,62,0.36,broken clouds
377,Shu,KZ,43.5983,73.7614,68.23,27,0,4.74,clear sky
378,Asau,RO,46.4333,26.4,70.95,98,99,3.89,overcast clouds
379,Vardo,NO,70.3705,31.1107,55.38,88,20,6.91,few clouds
380,Samarai,PG,-10.6167,150.6667,81.9,81,22,14.03,few clouds
381,Floresta,BR,-8.6011,-38.5686,69.93,90,46,15.17,scattered clouds
382,Safford,US,32.834,-109.7076,91.11,28,55,6.33,broken clouds
383,Adre,TD,13.4667,22.2,79.65,59,92,8.21,overcast clouds
384,Heishan,CN,41.6892,122.1128,73.24,89,98,12.19,overcast clouds
385,Rawson,AR,-43.3002,-65.1023,46.44,46,32,16.55,scattered clouds
386,Tadine,NC,-21.55,167.8833,76.75,71,99,11.81,overcast clouds
387,Balezino,RU,57.9796,53.0106,54.66,85,76,3.83,broken clouds
388,Aquiraz,BR,-3.9014,-38.3911,81.18,86,41,13.42,scattered clouds
389,Panzhihua,CN,26.5851,101.7128,71.65,89,77,0.34,broken clouds
390,Dongsheng,CN,39.8161,109.9776,66.43,72,23,15.97,few clouds
391,Bucerias,MX,20.75,-105.3333,84.97,79,65,5.61,broken clouds
392,Zhezkazgan,KZ,47.8043,67.7144,69.67,24,76,7.34,broken clouds
393,Morwell,AU,-38.2333,146.4,42.4,76,12,2.53,few clouds
394,Podyuga,RU,61.095,40.8647,53.26,96,7,3.04,clear sky
395,Conakry,GN,9.538,-13.6773,82.47,78,75,6.91,light rain
396,Sao Jose Da Coroa Grande,BR,-8.8978,-35.1478,77.14,71,71,12.86,broken clouds
397,Lubango,AO,-14.9172,13.4925,53.1,48,0,3.0,clear sky
398,Armidale,AU,-30.5167,151.65,48.7,79,1,3.27,clear sky
399,Bairnsdale,AU,-37.8333,147.6167,48.06,97,8,1.59,clear sky
400,Am Timan,TD,11.0297,20.2827,71.17,82,100,5.55,overcast clouds
401,Baykit,RU,61.67,96.37,62.44,61,100,3.96,overcast clouds
402,Olsztyn,PL,53.7799,20.4942,53.56,93,0,2.66,clear sky
403,Porto Novo,BJ,6.4965,2.6036,78.62,85,39,4.43,scattered clouds
404,Santa Maria Da Vitoria,BR,-13.3947,-44.1886,73.13,41,0,5.95,clear sky
405,Novaya Malykla,RU,54.2,49.95,52.27,94,18,6.4,few clouds
406,Manthani,IN,18.65,79.6667,78.44,89,100,6.2,heavy intensity rain
407,Lasa,IT,46.6166,10.7002,68.88,92,44,2.3,scattered clouds
408,Soc Trang,VN,9.6033,105.98,79.93,88,100,6.02,light rain
409,Dwarka,IN,22.2394,68.9678,83.53,80,99,13.27,overcast clouds
410,Kruisfontein,ZA,-34.0033,24.7314,56.88,91,18,4.21,few clouds
411,Comodoro Rivadavia,AR,-45.8667,-67.5,48.06,46,0,13.8,clear sky
412,Korla,CN,41.7597,86.1469,77.27,36,86,8.95,overcast clouds
413,Alexandria,EG,31.2156,29.9553,77.54,73,40,5.75,scattered clouds
414,Lloydminster,CA,53.2835,-110.0016,61.02,63,100,5.75,overcast clouds
415,Tura,IN,25.5198,90.2201,75.11,93,70,5.32,broken clouds
416,Half Moon Bay,US,37.4636,-122.4286,73.42,80,100,25.32,overcast clouds
417,Ancud,CL,-41.8697,-73.8203,41.23,75,59,9.78,light rain
418,Chernyshkovskiy,RU,48.4219,42.2308,57.61,87,6,15.1,clear sky
419,Trinidad,BO,-14.8333,-64.9,80.58,69,88,3.44,smoke
420,Havoysund,NO,70.9963,24.6622,75.43,59,1,14.29,clear sky
421,Sobolevo,RU,54.4299,31.8996,60.76,91,82,2.8,broken clouds
422,Belmonte,BR,-15.8631,-38.8828,73.22,82,22,9.84,few clouds
423,Thaba-Tseka,LS,-29.522,28.6084,35.19,82,3,5.01,clear sky
424,San Severino Marche,IT,43.2281,13.1802,77.74,62,35,3.53,scattered clouds
425,Tecoanapa,MX,16.5167,-98.75,84.78,75,75,11.83,broken clouds
426,Ekhabi,RU,53.5102,142.9671,60.58,78,37,7.52,scattered clouds
427,Lienz,AT,46.8289,12.769,66.88,96,60,2.68,broken clouds
428,Suntar,RU,62.1444,117.6319,77.76,61,76,5.39,broken clouds
429,Ostrovnoy,RU,68.0531,39.5131,57.34,82,4,15.39,clear sky
430,Xai-Xai,MZ,-25.0519,33.6442,61.32,89,0,6.6,clear sky
431,Brejo,BR,-3.6844,-42.7503,73.0,97,88,2.8,overcast clouds
432,Pemba,MZ,-12.974,40.5178,70.95,82,5,13.62,light rain
433,Nadapuram,IN,11.7,75.6667,75.9,91,100,5.73,overcast clouds
434,Mishkino,RU,55.3389,63.9175,52.95,83,69,3.36,broken clouds
435,Havelock,US,34.8791,-76.9013,82.38,85,100,11.5,overcast clouds
436,Miedzychod,PL,52.5988,15.897,60.39,75,2,4.99,clear sky
437,Santa Cruz,BO,-17.8,-63.1667,78.85,61,40,16.11,scattered clouds
438,Otradnoye,RU,59.7775,30.8181,69.85,69,100,4.05,overcast clouds
439,Kavieng,PG,-2.5744,150.7967,83.8,76,18,14.2,few clouds
440,Mahajanga,MG,-15.7167,46.3167,71.62,60,40,6.91,scattered clouds
441,Tateyama,JP,34.9833,139.8667,81.1,90,98,9.57,overcast clouds
442,Srandakan,ID,-7.9386,110.2506,76.77,91,79,3.15,broken clouds
443,Ilulissat,GL,69.2167,-51.1,39.83,85,72,4.25,broken clouds
444,Itaqui,BR,-29.1253,-56.5531,59.85,82,98,12.21,overcast clouds
445,Itaituba,BR,-4.2761,-55.9836,76.51,83,97,1.36,overcast clouds
446,Donskoy,RU,53.9711,38.3363,60.82,72,24,8.55,few clouds
447,Surab,PK,28.4914,66.2585,73.81,68,3,3.87,clear sky
448,Mabaruma,GY,8.2,-59.7833,73.45,99,89,3.78,overcast clouds
449,Richards Bay,ZA,-28.783,32.0377,61.84,46,0,9.6,clear sky
450,Ashford,GB,51.1459,0.8728,60.82,88,27,1.01,scattered clouds
451,Bambari,CF,5.768,20.6757,67.39,92,93,2.17,overcast clouds
452,Tawang,IN,27.5833,91.8667,57.4,88,100,3.29,overcast clouds
453,George,ZA,-33.963,22.4617,51.35,93,20,3.44,few clouds
454,Awjilah,LY,29.1081,21.2869,81.75,49,6,8.72,clear sky
455,Camopi,GF,3.1655,-52.3158,71.91,99,15,2.57,few clouds
456,Aldan,RU,58.6031,125.3894,78.48,55,18,5.14,few clouds
457,Tokonou,GN,9.65,-9.7833,69.64,95,98,6.02,overcast clouds
458,Mecca,SA,21.4267,39.8261,87.12,24,76,5.26,broken clouds
459,Scarborough,GB,54.2797,-0.4044,54.16,80,19,3.0,few clouds
460,Harper,LR,4.375,-7.7169,75.74,78,68,8.39,broken clouds
461,Hay River,CA,60.8156,-115.7999,66.18,52,40,11.5,smoke
462,Dalhousie,IN,32.5333,75.9833,62.42,90,99,3.71,overcast clouds
463,Logstor,DK,56.9624,9.2583,56.98,79,84,12.17,broken clouds
464,Nyurba,RU,63.2842,118.3319,77.49,62,63,5.61,broken clouds
465,Kovacica,RS,45.1117,20.6214,72.9,59,1,5.59,light rain
466,Khlevnoye,RU,52.1951,39.0932,55.42,78,5,8.72,clear sky
467,Pauini,BR,-7.7136,-66.9764,77.94,69,73,2.71,broken clouds
468,San,ML,13.3034,-4.8956,82.36,65,72,6.55,broken clouds
469,Garissa,KE,-0.4536,39.6401,72.21,72,80,20.11,broken clouds
470,Mbumi,TZ,-7.9058,39.2105,65.84,95,3,2.84,clear sky
471,Santiago Del Estero,AR,-27.7951,-64.2615,58.46,40,45,5.5,scattered clouds
472,Brekstad,NO,63.687,9.6654,58.01,77,20,13.8,few clouds
473,Pangnirtung,CA,66.1451,-65.7125,43.27,83,96,2.19,overcast clouds
474,Kon Tum,VN,14.35,108.0,72.0,98,100,4.23,overcast clouds
475,Esna,EG,25.2934,32.554,84.22,24,0,6.53,clear sky
476,San Jeronimo,PE,-11.9472,-75.2829,47.43,68,34,5.86,scattered clouds
477,Seoul,KR,37.5683,126.9778,80.2,83,40,2.3,scattered clouds
478,Stornoway,GB,58.2093,-6.3865,53.56,93,75,6.91,broken clouds
479,Sao Joao Da Ponte,BR,-15.9292,-44.0078,63.16,57,49,4.68,scattered clouds
480,Sagua De Tanamo,CU,20.5819,-75.2414,78.08,80,100,5.5,overcast clouds
481,Krivosheino,RU,57.3431,83.9261,51.71,94,85,7.61,overcast clouds
482,Karasburg,NA,-28.0167,18.75,54.46,58,1,3.4,clear sky
483,Manokwari,ID,-0.8667,134.0833,78.8,83,100,3.11,moderate rain
484,Japura,ID,-0.3167,102.35,72.7,85,91,1.63,overcast clouds
485,Gulu,UG,2.7746,32.299,62.8,81,46,5.01,scattered clouds
486,Grand Forks,US,47.9417,-97.4337,74.93,40,0,8.05,clear sky
487,Trincomalee,LK,8.5711,81.2335,80.53,82,27,15.46,scattered clouds
488,Ketchikan,US,55.3422,-131.6461,73.87,49,0,9.22,clear sky
489,Kununurra,AU,-15.7667,128.7333,66.18,42,46,14.97,scattered clouds
490,Boa Esperanca,BR,-21.09,-45.5658,62.38,60,0,0.25,clear sky
491,Ville-Marie,CA,47.3335,-79.433,57.42,64,90,9.62,overcast clouds
492,Summerland,CA,49.5998,-119.6691,85.08,33,75,12.66,broken clouds
493,Oudtshoorn,ZA,-33.5907,22.2014,50.36,66,0,4.9,clear sky
494,Geraldton,AU,-28.7667,114.6,39.61,87,0,2.3,clear sky
495,Rongcheng,CN,30.634,117.8517,83.17,75,100,2.28,overcast clouds
496,Latung,PH,5.5,120.8833,84.25,76,100,5.17,overcast clouds
497,Olathe,US,38.8814,-94.8191,81.72,79,100,4.61,overcast clouds
498,Ayan,RU,56.45,138.1667,60.96,78,85,9.82,overcast clouds
499,Presidencia Roque Saenz Pena,AR,-26.7852,-60.4388,60.55,81,98,6.38,overcast clouds
500,Hare Bay,CA,48.8499,-54.0148,67.35,80,69,10.33,broken clouds
501,Sohbatpur,PK,28.5202,68.5434,93.43,52,1,8.08,clear sky
502,Nanortalik,GL,60.1432,-45.2371,45.45,73,75,4.76,broken clouds
503,Roald,NO,62.5833,6.1333,61.9,88,100,0.0,overcast clouds
504,Cumbum,IN,9.7333,77.3,75.25,80,100,9.35,overcast clouds
505,Bernal,PE,-5.45,-80.75,68.36,66,9,16.75,clear sky
506,Vila Velha,BR,-20.3297,-40.2925,71.55,87,0,5.75,clear sky
507,Dalbandin,PK,28.8947,64.4101,85.12,57,2,4.23,clear sky
508,Maragogi,BR,-9.0122,-35.2225,77.0,70,71,12.84,broken clouds
509,Khuzhir,RU,53.1939,107.3397,56.35,90,95,10.11,overcast clouds
510,Grand Gaube,MU,-20.0064,57.6608,70.38,61,94,5.99,overcast clouds
511,Paamiut,GL,61.994,-49.6678,43.83,77,87,3.49,overcast clouds
512,Honningsvag,NO,70.9821,25.9704,74.95,53,1,12.66,clear sky
513,Sangar,RU,63.9242,127.4739,72.0,50,76,9.35,broken clouds
514,Aripuana,BR,-9.1667,-60.6333,75.7,69,37,2.33,scattered clouds
515,Partyzany,UA,46.3314,34.7503,62.67,50,0,6.49,clear sky
516,Gberia Fotombu,SL,9.8833,-11.1667,69.96,97,94,5.14,moderate rain
517,Nisia Floresta,BR,-6.0911,-35.2086,79.18,92,59,10.67,broken clouds
518,Chapais,CA,49.7834,-74.8492,56.98,62,75,15.19,broken clouds
519,College,US,64.8569,-147.8028,81.09,49,75,6.91,smoke
520,Pestera,RO,44.1833,28.1333,71.71,76,18,5.14,few clouds
521,Salinopolis,BR,-0.6136,-47.3561,77.81,87,52,12.03,broken clouds
522,Tonj,SS,7.2737,28.6822,68.95,94,57,4.09,broken clouds
523,Kharabali,RU,47.4196,47.2568,53.46,67,51,8.79,broken clouds
524,Muisne,EC,0.6,-80.0333,74.86,83,84,8.28,broken clouds
525,Salekhard,RU,66.53,66.6019,47.73,63,100,12.75,overcast clouds
526,Constitucion,CL,-35.3333,-72.4167,51.4,78,76,13.56,light rain
527,Bardiyah,LY,31.7561,25.0865,76.86,79,0,13.56,clear sky
528,Coxim,BR,-18.5067,-54.76,76.15,37,2,1.52,clear sky
529,Brae,GB,60.3964,-1.353,51.35,92,83,11.9,broken clouds
530,Labuhan,ID,-6.8844,112.2051,78.85,86,30,6.26,scattered clouds
531,Veliko Gradiste,RS,44.7567,21.5136,73.45,81,1,3.0,clear sky
532,Husavik,IS,66.0449,-17.3389,45.07,97,100,11.48,overcast clouds
533,Pacific Grove,US,36.6177,-121.9166,78.39,81,13,5.99,few clouds
534,Linhares,BR,-19.3911,-40.0722,65.1,94,5,3.02,clear sky
535,Toledo,ES,39.8333,-4.0,78.42,39,1,6.26,clear sky
536,Ust-Maya,RU,60.4167,134.5333,76.33,46,99,3.29,overcast clouds
537,Arlit,NE,18.7369,7.3853,95.07,12,96,3.24,overcast clouds
538,Punta Alta,AR,-38.8759,-62.0736,44.4,47,0,11.23,clear sky
539,Hirara,JP,24.8,125.2833,84.47,84,75,11.5,broken clouds
540,Tessalit,ML,20.1986,1.0114,89.47,30,42,3.96,scattered clouds
541,Port Keats,AU,-14.25,129.55,67.21,54,2,15.59,clear sky
542,Fuerte,PH,17.5381,120.3644,86.11,74,100,6.69,overcast clouds
543,Nova Olimpia,BR,-14.7972,-57.2881,76.86,51,71,3.6,broken clouds
544,Puerto Leguizamo,CO,-0.1934,-74.7819,72.16,96,89,0.47,overcast clouds
545,Lubbock,US,33.6001,-101.8338,98.85,21,40,6.91,scattered clouds
546,Namatanai,PG,-3.6667,152.4333,84.4,70,13,8.43,few clouds
547,Talara,PE,-4.5772,-81.2719,64.08,86,21,12.93,few clouds
548,Leshan,CN,29.5623,103.7639,73.92,87,30,1.34,scattered clouds
549,Kaka,TM,37.3482,59.6143,84.02,34,0,15.75,clear sky
550,Matelica,IT,43.2541,13.0106,73.45,61,43,1.59,scattered clouds
551,Kloulklubed,PW,7.0419,134.2556,82.9,76,95,14.14,overcast clouds
552,Bethanien,NA,-26.502,17.1583,54.21,55,0,6.46,clear sky
553,Micheweni,TZ,-4.9667,39.8333,73.62,79,36,15.03,light rain
554,Neftcala,AZ,39.3742,49.2472,78.21,48,63,14.5,broken clouds
555,Phan Thiet,VN,10.9333,108.1,79.36,85,100,7.05,overcast clouds
556,Carrollton,US,32.9537,-96.8903,98.38,51,75,14.97,broken clouds
557,Antofagasta,CL,-23.65,-70.4,56.48,87,55,6.15,broken clouds
558,Olot,ES,42.181,2.4901,69.6,10,22,5.44,few clouds
559,Ystad,SE,55.4297,13.8204,56.14,76,30,8.72,scattered clouds
560,Svetlogorsk,BY,52.6333,29.7333,60.6,71,6,5.37,clear sky
561,Beohari,IN,24.05,81.3833,81.05,79,99,4.85,overcast clouds
562,Omboue,GA,-1.5746,9.2618,71.58,90,50,5.55,scattered clouds
563,Butajira,ET,8.1167,38.3667,58.32,84,90,2.64,overcast clouds
564,Coos Bay,US,43.3665,-124.2179,64.31,86,100,12.66,overcast clouds
565,Acajutla,SV,13.5928,-89.8275,80.73,79,99,3.49,light rain
566,Raudeberg,NO,61.9875,5.1352,57.96,81,95,17.09,light rain
567,Emilio Carranza,MX,19.9711,-96.6114,84.83,73,17,11.68,few clouds
568,Kiama,AU,-34.6833,150.8667,60.26,86,100,3.0,light rain
569,Ust-Nera,RU,64.5667,143.2,69.55,43,74,2.26,broken clouds
570,Maneadero,MX,31.7167,-116.5667,72.1,75,5,4.0,clear sky
571,Banda Aceh,ID,5.5577,95.3222,81.21,71,100,13.31,light rain
572,Nilo,CO,4.306,-74.6208,77.09,80,91,4.0,overcast clouds
573,Buala,SB,-8.145,159.5921,84.76,70,25,12.17,scattered clouds
574,High Level,CA,58.5169,-117.136,73.51,35,75,6.91,broken clouds
575,Cobija,BO,-11.0267,-68.7692,77.11,57,91,1.61,overcast clouds
576,Yarada,IN,17.65,83.2667,83.12,77,100,2.42,overcast clouds
577,Kushiro,JP,42.975,144.3747,68.95,88,75,3.44,broken clouds
578,Syamzha,RU,60.0158,41.0614,53.15,96,7,3.24,clear sky
579,Matara,LK,5.9485,80.5353,79.32,83,43,16.87,scattered clouds
580,Ponta Delgada,PT,37.7333,-25.6667,69.49,82,75,6.91,broken clouds
581,Ossora,RU,59.2353,163.0719,48.69,93,100,1.32,light rain
582,Choma,ZM,-16.8065,26.9531,51.28,72,67,4.94,broken clouds
583,Lorengau,PG,-2.0226,147.2712,83.19,78,84,9.53,broken clouds
584,Ternate,ID,0.8,127.4,81.7,77,96,3.09,overcast clouds
585,Zhigansk,RU,66.7697,123.3711,65.91,54,83,12.66,broken clouds
586,Uige,AO,-7.6087,15.0613,61.32,60,1,3.02,clear sky
587,Visnes,NO,59.3556,5.2242,58.21,88,20,18.41,few clouds
588,Sakaiminato,JP,35.55,133.2333,80.58,83,75,10.36,light rain
589,Sivas,TR,39.7916,37.0019,48.49,93,0,4.94,clear sky
590,Whyalla,AU,-33.0333,137.5833,50.41,64,41,12.03,scattered clouds
591,Birkeland,NO,58.3309,8.2323,58.87,94,75,14.97,light rain
592,Deniliquin,AU,-35.5333,144.9667,46.13,64,42,7.09,scattered clouds
593,Nevel,RU,56.0209,29.9284,66.24,89,98,3.8,light rain
594,Palmer,US,42.1584,-72.3287,76.91,81,75,3.44,broken clouds
595,Lao Cai,VN,22.4833,103.95,80.38,88,99,2.08,overcast clouds
596,Sola,VU,-13.8833,167.55,81.36,76,21,23.29,few clouds
597,Yinchuan,CN,38.4681,106.2731,75.65,53,0,4.18,clear sky
598,Vallenar,CL,-28.5708,-70.7581,61.38,36,100,1.32,overcast clouds
599,Matadi,CD,-5.8167,13.45,71.29,87,87,6.02,overcast clouds
600,Puerto Plata,DO,19.7934,-70.6884,85.91,74,75,16.11,broken clouds
601,Crawfordsville,US,40.0411,-86.8745,79.3,23,0,4.61,clear sky
602,Gorom-Gorom,BF,14.4439,-0.2361,86.04,54,53,14.97,broken clouds
603,Izmit,TR,40.7669,29.9169,65.41,92,2,3.87,clear sky
604,Buta,CD,2.7858,24.73,69.15,100,90,1.88,moderate rain
605,Aloleng,PH,16.1307,119.7824,82.87,78,99,10.09,overcast clouds
606,Paragominas,BR,-2.9667,-47.4833,72.28,95,21,4.16,few clouds
607,Fangshan,CN,39.6983,115.9925,75.96,88,99,4.94,light rain
608,Los Llanos De Aridane,ES,28.6585,-17.9182,67.75,85,100,13.8,overcast clouds
609,Nevelsk,RU,46.6733,141.8633,61.38,94,100,7.81,overcast clouds
610,Marzuq,YE,14.4,46.4667,82.89,16,96,3.69,overcast clouds
611,Sayat,TM,38.7839,63.8803,82.27,20,0,15.68,clear sky
612,Sauce,UY,-34.6469,-56.0628,42.42,72,1,3.18,clear sky
613,Ladario,BR,-19.0047,-57.6017,78.26,47,3,3.36,clear sky
614,Mount Darwin,ZW,-16.7725,31.5838,52.65,93,12,2.37,few clouds
615,Deer Lake,CA,49.1667,-57.4316,73.26,64,75,16.11,broken clouds
616,Berdigestyakh,RU,62.0989,126.6992,74.12,55,100,7.87,overcast clouds
617,Boa Vista,BR,2.8197,-60.6733,82.38,74,20,4.61,few clouds
618,Rock Sound,BS,24.9,-76.2,81.55,74,80,14.09,broken clouds
619,Tarakan,ID,3.3,117.6333,80.1,94,75,2.3,broken clouds
620,Paysandu,UY,-32.3214,-58.0756,48.6,71,4,7.31,clear sky
621,Katherine,AU,-14.4667,132.2667,64.72,55,3,14.97,clear sky
622,Palu,ID,-0.8917,119.8707,81.97,80,68,1.7,broken clouds
623,Paita,PE,-5.0892,-81.1144,63.72,84,10,14.16,clear sky
624,Olafsvik,IS,64.8945,-23.7142,49.06,86,44,9.33,scattered clouds
625,Puksoozero,RU,62.5903,40.6066,52.25,96,2,2.89,clear sky
626,Burnie,AU,-41.0667,145.9167,46.83,64,0,4.23,clear sky
627,Melito Di Porto Salvo,IT,37.9222,15.7714,82.29,69,0,14.97,clear sky
628,Gamba,GA,-2.65,10.0,70.16,92,59,3.58,broken clouds
629,Tlacotalpan,MX,18.6167,-95.6667,84.7,73,35,9.91,scattered clouds
630,Bustamante,MX,26.5333,-100.5,93.94,33,77,23.31,broken clouds
631,Rundu,NA,-17.9333,19.7667,52.2,64,16,6.11,few clouds
632,Dubuque,US,42.4833,-90.8668,74.5,61,99,4.7,overcast clouds
633,Raska,RS,43.2872,20.6153,64.38,93,9,1.68,clear sky
634,Labuan,MY,5.2767,115.2417,79.16,88,20,0.0,few clouds
635,Plettenberg Bay,ZA,-34.0527,23.3716,57.63,84,3,3.44,clear sky
636,Kumla,SE,59.1277,15.1434,57.33,82,17,4.61,few clouds
637,Dubai,AE,25.2582,55.3047,91.65,79,0,8.05,clear sky
638,Uglerodovskiy,RU,48.147,40.0621,55.89,78,0,10.67,clear sky
639,Itoman,JP,26.1247,127.6694,78.82,92,75,16.11,light rain
640,Manaus,BR,-3.1019,-60.025,82.9,74,20,4.61,few clouds
641,Greenfield,US,42.9614,-88.0126,80.65,85,85,10.67,overcast clouds
642,Vila Franca Do Campo,PT,37.7167,-25.4333,69.19,90,76,6.71,broken clouds
643,Baruun-Urt,MN,46.6806,113.2792,79.88,37,100,7.96,light rain
644,Kijang,KR,35.2442,129.2139,82.13,77,87,3.89,overcast clouds
645,Anadyr,RU,64.75,177.4833,46.9,87,75,22.37,broken clouds
646,Sosua,DO,19.7667,-70.5167,85.98,74,75,16.11,broken clouds
647,Solnechnyy,RU,50.7214,136.6319,74.62,72,97,3.44,overcast clouds
648,Palmas,BR,-10.2128,-48.3603,84.07,58,0,4.61,clear sky
649,Guerrero Negro,MX,27.9769,-114.0611,73.92,62,0,23.15,clear sky
650,Abong Mbang,CM,3.9833,13.1833,68.11,89,77,2.15,broken clouds
651,Tombouctou,ML,20.0,-3.0,96.28,26,29,23.69,scattered clouds
652,Salas,ES,43.4118,-6.2602,61.5,99,100,3.18,overcast clouds
653,Atasu,KZ,48.6814,71.6433,62.69,31,17,6.31,few clouds
654,Karacakoy,TR,41.4029,28.3834,75.67,79,0,13.09,clear sky
655,Buchanan,LR,5.8808,-10.0467,76.6,81,97,9.55,overcast clouds
656,Bilma,NE,18.6853,12.9164,90.39,19,24,6.06,few clouds
657,Stantsionno-Oyashinskiy,RU,55.4664,83.8245,51.82,93,27,6.69,scattered clouds
658,Oshakati,NA,-17.7833,15.6833,58.98,37,0,10.27,clear sky
659,Hadejia,NG,12.4498,10.0444,85.91,52,35,6.69,scattered clouds
660,Bonthe,SL,7.5264,-12.505,77.27,84,98,7.31,overcast clouds
661,Vidalia,US,32.2177,-82.4135,85.95,66,40,5.75,scattered clouds
662,Acarau,BR,-2.8856,-40.12,77.22,84,73,12.12,broken clouds
663,Usinsk,RU,65.9939,57.5281,48.42,67,78,14.0,broken clouds
664,Ekibastuz,KZ,51.6667,75.3667,62.06,57,35,4.5,scattered clouds
665,Sardarshahr,IN,28.4333,74.4833,82.87,78,89,12.77,light rain
666,Gizo,SB,-8.103,156.8419,83.79,68,21,6.6,few clouds
667,Salina,US,38.8403,-97.6114,88.3,70,52,3.0,broken clouds
668,Kemijarvi,FI,66.7131,27.4306,62.65,91,15,5.5,few clouds
669,Dzerzhinsk,RU,56.2389,43.4631,60.62,100,40,4.47,scattered clouds
670,Yeniseysk,RU,58.4497,92.1703,53.56,97,49,5.68,scattered clouds
671,Madison,US,34.7334,-86.5667,91.2,61,0,8.05,clear sky
